{
  "inputs": [
    {
      "Age": -0.772836323348812,
      "Gender": 0.7756455480824749,
      "Heart rate": -0.9377022747130672,
      "Systolic blood pressure": 0.6961619598496395,
      "Diastolic blood pressure": 0.610219393695479,
      "Blood sugar": -0.399939232642979,
      "CK-MB": -0.8346006278065805,
      "Troponin": -0.4645222647287169
    }
  ]
}
